<?xml version="1.0"?>
<!--<!DOCTYPE metadata SYSTEM "http://www.esri.com/metadata/esriprof80.dtd">-->
<metadata xml:lang="pt"><Esri><CreaDate>20130122</CreaDate><CreaTime>17591700</CreaTime><SyncOnce>FALSE</SyncOnce><DataProperties><lineage><Process Name="Create Feature Class (5)" ToolSource="C:\Arquivos de programas\ArcGIS\ArcToolbox\Toolboxes\Data Management Tools.tbx\CreateFeatureclass" Date="20130121" Time="210318">CreateFeatureclass "Database Servers\PCRPLAN-13215_SQLEXPRESS.gds\Recife20121114 (VERSION:dbo.DEFAULT)\Recife20121114.DBO.BasesVisualizacao" FCQUADRASVIARIASVIEW POLYGON 'Database Servers\PCRPLAN-13215_SQLEXPRESS.gds\Recife20121114 (VERSION:dbo.DEFAULT)\Recife20121114.DBO.BasesVisualizacaoModelos\Recife20121114.DBO.FCQUADRASVIARIASVIEW_M' DISABLED DISABLED "PROJCS['SIRGAS_2000_UTM_Zone_25S',GEOGCS['GCS_SIRGAS_2000',DATUM['D_SIRGAS_2000',SPHEROID['GRS_1980',6378137.0,298.257222101]],PRIMEM['Greenwich',0.0],UNIT['Degree',0.0174532925199433]],PROJECTION['Transverse_Mercator'],PARAMETER['False_Easting',500000.0],PARAMETER['False_Northing',10000000.0],PARAMETER['Central_Meridian',-33.0],PARAMETER['Scale_Factor',0.9996],PARAMETER['Latitude_Of_Origin',0.0],UNIT['Meter',1.0]];-5120900 1900 10000;#;#;0,001;#;#;IsHighPrecision" DEFAULTS 0 0 0 "Database Servers\PCRPLAN-13215_SQLEXPRESS.gds\Recife20121114 (VERSION:dbo.DEFAULT)\Recife20121114.DBO.BasesVisualizacao\Recife20121114.DBO.FCQUADRASVIARIASVIEW"</Process><Process Name="Append (6)" ToolSource="C:\Arquivos de programas\ArcGIS\ArcToolbox\Toolboxes\Data Management Tools.tbx\Append" Date="20130121" Time="210328">Append 'Database Servers\PCRPLAN-13215_SQLEXPRESS.gds\Recife20121114 (VERSION:dbo.DEFAULT)\Recife20121114.DBO.BasesVisualizacao\Recife20121114.DBO.FCQUADRASVIARIASVIEW_T' "Database Servers\PCRPLAN-13215_SQLEXPRESS.gds\Recife20121114 (VERSION:dbo.DEFAULT)\Recife20121114.DBO.BasesVisualizacao\Recife20121114.DBO.FCQUADRASVIARIASVIEW" NO_TEST "CDSADMCODI 'Distrito' true true false 8 Double 8 38 ,First,#,Database Servers\PCRPLAN-13215_SQLEXPRESS.gds\Recife20121114 (VERSION:dbo.DEFAULT)\Recife20121114.DBO.BasesVisualizacao\Recife20121114.DBO.FCQUADRASVIARIASVIEW_T,CDSADMCODI,-1,-1;CSETCECODI 'Setor' true true false 8 Double 8 38 ,First,#,Database Servers\PCRPLAN-13215_SQLEXPRESS.gds\Recife20121114 (VERSION:dbo.DEFAULT)\Recife20121114.DBO.BasesVisualizacao\Recife20121114.DBO.FCQUADRASVIARIASVIEW_T,CSETCECODI,-1,-1;CQUASECODI 'Quadra' true true false 8 Double 8 38 ,First,#,Database Servers\PCRPLAN-13215_SQLEXPRESS.gds\Recife20121114 (VERSION:dbo.DEFAULT)\Recife20121114.DBO.BasesVisualizacao\Recife20121114.DBO.FCQUADRASVIARIASVIEW_T,CQUASECODI,-1,-1;DSQ 'DSQ' true true false 14 Text 0 0 ,First,#,Database Servers\PCRPLAN-13215_SQLEXPRESS.gds\Recife20121114 (VERSION:dbo.DEFAULT)\Recife20121114.DBO.BasesVisualizacao\Recife20121114.DBO.FCQUADRASVIARIASVIEW_T,DSQ,-1,-1;SHAPE_area 'SHAPE_area' false false true 0 Double 0 0 ,First,#;SHAPE_len 'SHAPE_len' false false true 0 Double 0 0 ,First,#" # "Database Servers\PCRPLAN-13215_SQLEXPRESS.gds\Recife20121114 (VERSION:dbo.DEFAULT)\Recife20121114.DBO.BasesVisualizacao\Recife20121114.DBO.FCQUADRASVIARIASVIEW"</Process><Process ToolSource="C:\Arquivos de programas\ArcGIS\ArcToolbox\Toolboxes\Conversion Tools.tbx\FeatureClassToFeatureClass" Date="20130510" Time="180156">FeatureClassToFeatureClass "Database Connections\NOVESIGCT.sde\DBD2ESRI.ESI2.BasesVisualizacao_201212\DBD2ESRI.ESI2.FCQUADRASVIARIASVIEW_201212" F:\Recife-Planejamento\SHP QuadraViaria.shp # "CDSADMCODI 'Distrito' true true false 8 Double 8 31 ,First,#,Database Connections\NOVESIGCT.sde\DBD2ESRI.ESI2.BasesVisualizacao_201212\DBD2ESRI.ESI2.FCQUADRASVIARIASVIEW_201212,CDSADMCODI,-1,-1;CSETCECODI 'Setor' true true false 8 Double 8 31 ,First,#,Database Connections\NOVESIGCT.sde\DBD2ESRI.ESI2.BasesVisualizacao_201212\DBD2ESRI.ESI2.FCQUADRASVIARIASVIEW_201212,CSETCECODI,-1,-1;CQUASECODI 'Quadra' true true false 8 Double 8 31 ,First,#,Database Connections\NOVESIGCT.sde\DBD2ESRI.ESI2.BasesVisualizacao_201212\DBD2ESRI.ESI2.FCQUADRASVIARIASVIEW_201212,CQUASECODI,-1,-1;DSQ 'DSQ' true true false 14 Text 0 0 ,First,#,Database Connections\NOVESIGCT.sde\DBD2ESRI.ESI2.BasesVisualizacao_201212\DBD2ESRI.ESI2.FCQUADRASVIARIASVIEW_201212,DSQ,-1,-1" # F:\Recife-Planejamento\SHP\QuadraViaria.shp</Process></lineage></DataProperties><MetaID>{B4B04E96-87D8-4B6F-8329-6452085EF444}</MetaID><SyncDate>20130510</SyncDate><SyncTime>18014900</SyncTime><ModDate>20130510</ModDate><ModTime>18014900</ModTime></Esri><idinfo><citation><citeinfo><onlink Sync="TRUE">\\PCRPLAN-13215\F$\Recife-Planejamento\SHP\QuadraViaria.shp</onlink><origin>REQUIRED: The name of an organization or individual that developed the data set.</origin><pubdate>REQUIRED: The date when the data set is published or otherwise made available for release.</pubdate><title Sync="TRUE">QuadraViaria</title><ftname Sync="TRUE">QuadraViaria</ftname><geoform Sync="TRUE">vector digital data</geoform></citeinfo></citation><native Sync="TRUE">Microsoft Windows XP Version 5.1 (Build 2600) Service Pack 3; ESRI ArcCatalog 9.3.1.4000</native><descript><langdata Sync="TRUE">pt</langdata><abstract>REQUIRED: A brief narrative summary of the data set.</abstract><purpose>REQUIRED: A summary of the intentions with which the data set was developed.</purpose></descript><timeperd><current>REQUIRED: The basis on which the time period of content information is determined.</current><timeinfo><sngdate><caldate>REQUIRED: The year (and optionally month, or month and day) for which the data set corresponds to the ground.</caldate></sngdate></timeinfo></timeperd><status><progress>REQUIRED: The state of the data set.</progress><update>REQUIRED: The frequency with which changes and additions are made to the data set after the initial data set is completed.</update></status><spdom><bounding><westbc Sync="TRUE">REQUIRED: Western-most coordinate of the limit of coverage expressed in longitude.</westbc><eastbc Sync="TRUE">REQUIRED: Eastern-most coordinate of the limit of coverage expressed in longitude.</eastbc><northbc Sync="TRUE">REQUIRED: Northern-most coordinate of the limit of coverage expressed in latitude.</northbc><southbc Sync="TRUE">REQUIRED: Southern-most coordinate of the limit of coverage expressed in latitude.</southbc></bounding></spdom><keywords><theme><themekt>REQUIRED: Reference to a formally registered thesaurus or a similar authoritative source of theme keywords.</themekt><themekey>REQUIRED: Common-use word or phrase used to describe the subject of the data set.</themekey></theme></keywords><accconst>REQUIRED: Restrictions and legal prerequisites for accessing the data set.</accconst><useconst>REQUIRED: Restrictions and legal prerequisites for using the data set after access is granted.</useconst><natvform Sync="TRUE">Shapefile</natvform></idinfo><distInfo><distributor><distorTran><onLineSrc><linkage Sync="TRUE">file://\\PCRPLAN-13215\F$\Recife-Planejamento\SHP\QuadraViaria.shp</linkage><protocol Sync="TRUE">Local Area Network</protocol><orDesc Sync="TRUE">002</orDesc></onLineSrc><transSize Sync="TRUE">0,000</transSize></distorTran><distorFormat><formatName Sync="TRUE">Shapefile</formatName></distorFormat></distributor></distInfo><dataqual><lineage><procstep><procdesc Sync="TRUE">Dataset copied.</procdesc><srcused Sync="TRUE">Server=PCRPLAN-13215_sqlexpress; Service=sde:sqlserver:PCRPLAN-13215\sqlexpress; Database=Recife20121114; Version=dbo.DEFAULT</srcused><procdate Sync="TRUE">20130121</procdate><proctime Sync="TRUE">21122200</proctime></procstep><procstep><procdesc Sync="TRUE">Dataset copied.</procdesc><srcused Sync="TRUE">Server=PCRPLAN-13215_sqlexpress; Service=sde:sqlserver:PCRPLAN-13215\sqlexpress; Database=Recife20121114; Version=dbo.DEFAULT</srcused><procdate Sync="TRUE">20130122</procdate><proctime Sync="TRUE">17591700</proctime></procstep></lineage></dataqual><dataIdInfo><envirDesc Sync="TRUE">Microsoft Windows XP Version 5.1 (Build 2600) Service Pack 3; ESRI ArcCatalog 9.3.1.4000</envirDesc><dataLang><languageCode Sync="TRUE" value="pt"></languageCode></dataLang><idCitation><resTitle Sync="TRUE">QuadraViaria</resTitle><presForm><PresFormCd Sync="TRUE" value="005"></PresFormCd></presForm></idCitation><spatRpType><SpatRepTypCd Sync="TRUE" value="001"></SpatRepTypCd></spatRpType></dataIdInfo><metainfo><langmeta Sync="TRUE">pt</langmeta><metstdn Sync="TRUE">FGDC Content Standards for Digital Geospatial Metadata</metstdn><metstdv Sync="TRUE">FGDC-STD-001-1998</metstdv><mettc Sync="TRUE">local time</mettc><metextns><onlink Sync="TRUE">http://www.esri.com/metadata/esriprof80.html</onlink><metprof Sync="TRUE">ESRI Metadata Profile</metprof></metextns><metc><cntinfo><cntorgp><cntper>REQUIRED: The person responsible for the metadata information.</cntper><cntorg>REQUIRED: The organization responsible for the metadata information.</cntorg></cntorgp><cntaddr><addrtype>REQUIRED: The mailing and/or physical address for the organization or individual.</addrtype><city>REQUIRED: The city of the address.</city><state>REQUIRED: The state or province of the address.</state><postal>REQUIRED: The ZIP or other postal code of the address.</postal></cntaddr><cntvoice>REQUIRED: The telephone number by which individuals can speak to the organization or individual.</cntvoice></cntinfo></metc><metd Sync="TRUE">20130510</metd></metainfo><mdLang><languageCode Sync="TRUE" value="pt"></languageCode></mdLang><mdStanName Sync="TRUE">ISO 19115 Geographic Information - Metadata</mdStanName><mdStanVer Sync="TRUE">DIS_ESRI1.0</mdStanVer><mdChar><CharSetCd Sync="TRUE" value="004"></CharSetCd></mdChar><mdHrLv><ScopeCd Sync="TRUE" value="005"></ScopeCd></mdHrLv><mdHrLvName Sync="TRUE">dataset</mdHrLvName><distinfo><resdesc Sync="TRUE">Downloadable Data</resdesc><stdorder><digform><digtinfo><transize Sync="TRUE">0,000</transize><dssize Sync="TRUE">0,000</dssize></digtinfo></digform></stdorder></distinfo><spdoinfo><direct Sync="TRUE">Vector</direct><ptvctinf><esriterm Name="QuadraViaria"><efeatyp Sync="TRUE">Simple</efeatyp><efeageom Sync="TRUE">Polygon</efeageom><esritopo Sync="TRUE">FALSE</esritopo><efeacnt Sync="TRUE">0</efeacnt><spindex Sync="TRUE">FALSE</spindex><linrefer Sync="TRUE">FALSE</linrefer></esriterm><sdtsterm Name="QuadraViaria"><sdtstype Sync="TRUE">G-polygon</sdtstype><ptvctcnt Sync="TRUE">0</ptvctcnt></sdtsterm></ptvctinf></spdoinfo><spref><horizsys><cordsysn><geogcsn Sync="TRUE">GCS_SIRGAS_2000</geogcsn><projcsn Sync="TRUE">SIRGAS_2000_UTM_Zone_25S</projcsn></cordsysn><planar><mapproj><mapprojn Sync="TRUE">Transverse Mercator</mapprojn><transmer><sfctrmer Sync="TRUE">0.999600</sfctrmer><longcm Sync="TRUE">-33.000000</longcm><latprjo Sync="TRUE">0.000000</latprjo><feast Sync="TRUE">500000.000000</feast><fnorth Sync="TRUE">10000000.000000</fnorth></transmer></mapproj><planci><plance Sync="TRUE">coordinate pair</plance><plandu Sync="TRUE">meters</plandu><coordrep><absres Sync="TRUE">0.000000</absres><ordres Sync="TRUE">0.000000</ordres></coordrep></planci></planar><geodetic><horizdn Sync="TRUE">D_SIRGAS_2000</horizdn><ellips Sync="TRUE">Geodetic Reference System 80</ellips><semiaxis Sync="TRUE">6378137.000000</semiaxis><denflat Sync="TRUE">298.257222</denflat></geodetic></horizsys></spref><refSysInfo><RefSystem><refSysID><identCode Sync="TRUE">SIRGAS_2000_UTM_Zone_25S</identCode></refSysID></RefSystem></refSysInfo><spatRepInfo><VectSpatRep><topLvl><TopoLevCd Sync="TRUE" value="001"></TopoLevCd></topLvl><geometObjs Name="QuadraViaria"><geoObjTyp><GeoObjTypCd Sync="TRUE" value="001"></GeoObjTypCd></geoObjTyp><geoObjCnt Sync="TRUE">0</geoObjCnt></geometObjs></VectSpatRep></spatRepInfo><eainfo><detailed Name="QuadraViaria"><enttyp><enttypl Sync="TRUE">QuadraViaria</enttypl><enttypt Sync="TRUE">Feature Class</enttypt><enttypc Sync="TRUE">0</enttypc></enttyp><attr><attrlabl Sync="TRUE">FID</attrlabl><attalias Sync="TRUE">FID</attalias><attrtype Sync="TRUE">OID</attrtype><attwidth Sync="TRUE">4</attwidth><atprecis Sync="TRUE">0</atprecis><attscale Sync="TRUE">0</attscale><attrdef Sync="TRUE">Internal feature number.</attrdef><attrdefs Sync="TRUE">ESRI</attrdefs><attrdomv><udom Sync="TRUE">Sequential unique whole numbers that are automatically generated.</udom></attrdomv></attr><attr><attrlabl Sync="TRUE">Shape</attrlabl><attalias Sync="TRUE">Shape</attalias><attrtype Sync="TRUE">Geometry</attrtype><attwidth Sync="TRUE">0</attwidth><atprecis Sync="TRUE">0</atprecis><attscale Sync="TRUE">0</attscale><attrdef Sync="TRUE">Feature geometry.</attrdef><attrdefs Sync="TRUE">ESRI</attrdefs><attrdomv><udom Sync="TRUE">Coordinates defining the features.</udom></attrdomv></attr><attr><attrlabl Sync="TRUE">CDSADMCODI</attrlabl><attalias Sync="TRUE">CDSADMCODI</attalias><attrtype Sync="TRUE">Number</attrtype><attwidth Sync="TRUE">19</attwidth><atnumdec Sync="TRUE">8</atnumdec></attr><attr><attrlabl Sync="TRUE">CSETCECODI</attrlabl><attalias Sync="TRUE">CSETCECODI</attalias><attrtype Sync="TRUE">Number</attrtype><attwidth Sync="TRUE">19</attwidth><atnumdec Sync="TRUE">8</atnumdec></attr><attr><attrlabl Sync="TRUE">CQUASECODI</attrlabl><attalias Sync="TRUE">CQUASECODI</attalias><attrtype Sync="TRUE">Number</attrtype><attwidth Sync="TRUE">19</attwidth><atnumdec Sync="TRUE">8</atnumdec></attr><attr><attrlabl Sync="TRUE">DSQ</attrlabl><attalias Sync="TRUE">DSQ</attalias><attrtype Sync="TRUE">String</attrtype><attwidth Sync="TRUE">14</attwidth></attr></detailed></eainfo><mdDateSt Sync="TRUE">20130510</mdDateSt></metadata>
